w_CO2,w_costo,FV_MW,Eolica_MW,Bateria_MWh,HidroNueva_MW,fFlexAgua,fSmartVE,fV2G,CO2_kt,Costo_MUSD
0.02,0.98,168.497139381812,145.287671471087,0,29.2608338110241,0,0.436980119008237,0,432.09869762146,88.6986684111041
0.107272727272727,0.892727272727273,162.367449024854,150,0,30,0,0.641345890066775,0.0105952829203763,430.225320192413,88.4470101872218
0.194545454545455,0.805454545454545,188.708894642392,150,0,30,0.128850448137009,0.47565806533564,0.00172334526072431,426.476094639405,88.672665285439
0.281818181818182,0.718181818181818,199.082340020927,150,15.1946776994722,28.6497017563182,0,0.50004988251947,0.150250841314627,425.713409770377,89.7293463846461
0.369090909090909,0.630909090909091,132.783235533363,150,5.87986296266774,30,0.107765387855985,0.39265301777368,0.269577787411357,434.971199233469,89.1370591307673
0.456363636363636,0.543636363636364,108.922280246069,150,58.118467873015,30,0.0318750442679094,0.414095201275246,0.01105429905218,438.662702408142,90.3726029830258
0.543636363636364,0.456363636363636,217.059439608064,150,0,30,0.0148899730438996,0.866873832299489,0,422.273702940941,89.0857582338188
0.630909090909091,0.369090909090909,300,150,73.849074820052,30,0.58615145667962,0.390811484061351,0,412.565424440199,93.892921657359
0.718181818181818,0.281818181818182,300,150,178.993986833013,30,0.13508112469933,0.679135964947618,0.23444070037884,409.526205682036,97.2686054698389
0.805454545454546,0.194545454545454,300,150,243.865698217942,27.4277854019813,0.648538617553474,0.945149895718757,0.201601890751142,410.760189184279,100.847759584527
0.892727272727273,0.107272727272727,300,150,288.980061892336,27.8241586823201,0.617091340835622,0.346740879037145,0.986652448800615,410.849783724044,103.050970934185
0.98,0.02,300,150,186.706326410833,9.45502301632309,0.133714605213884,0.71793287099417,0.450796372774806,423.799762125727,100.929690213888
