FV_MW,Eolica_MW,Bateria_MWh,HidroNueva_MW,fFlexAgua,fSmartVE,fV2G,CO2_kt,Costo_MUSD
599.993743491436,300,768.799415868938,59.9999157496487,0.135904183995121,0.999594193050939,0.00128146443629324,217.186398125156,189.25550749895
600,300,711.83912841377,59.9999119382222,0.137527642826589,0.999548202370537,0.000110667150112775,217.22501729237,187.05854778423
600,299.999990004277,681.32564379664,60,0.13894540529065,1,0.000107716978866283,217.253505542782,185.904174865995
600,300,644.516216077476,59.999373249653,0.0858365375798383,1,0.00129671058743968,217.310575695135,184.485443656705
600,299.999999651683,617.555989710005,59.9992374612602,0.120728528505397,1,0,217.348309856586,183.476284396068
600,299.999999649661,609.384570306713,59.9998183614164,0.120516045819117,1,0,217.362825025943,183.16930137451
600,299.9999970241,562.830317550995,59.9993557360083,0.0811131021854824,1,0.000569477137635334,217.481357408327,181.404853212492
600,299.999996673796,535.190067092384,59.9993841684549,0.0768435883796611,0.97143778531323,0,217.612163847166,180.302744519834
600,299.999999999831,527.208213181893,60,0.0892255535972335,0.962946255904457,0.000813087217361812,217.649946776311,180.028568869752
600,300,491.973186401727,59.999346998743,0.0769217077263856,0.997417715328906,5.02863862737946e-06,217.736190453203,178.770648593911
600,299.999999934224,426.000693479274,59.9999999124085,0.0790882433938992,0.964194480577505,0.0585906560945555,218.074500018962,177.741008016617
600,299.999999999831,425.905593715255,60,0.0796889152658543,0.962946255904457,0.000813087217361812,218.127629962531,176.344626713042
600,299.999998908459,400.97822565431,60,0.0838520472234063,0.961255279643741,0.000569443435289084,218.300442492561,175.459958810717
600,299.999998831985,382.113110475383,60,0.0839572444416236,0.961351183818256,0.000584206013884044,218.453748877437,174.803732719927
600,299.999998947105,352.401202710859,59.9999703686192,0.0376485924811603,0.938280431179256,0,218.806742400708,173.694211018437
599.049052359854,300,280.559721461102,59.9982415933252,0.0399511272022505,0.917187724390048,0.0650270907495104,219.605300068092,172.659462557301
600,300,243.675772675632,60,0.23736778062514,0.989090712548613,0.00248087680554309,220.006472064158,170.462396813184
600,300,219.621852575271,60,0.228484823590547,1,0.00227900140605932,220.392221780814,169.737252313457
600,299.999729838959,171.079279479808,60,0.224979181114423,0.999949494703673,0.0607107521208111,221.061692716854,169.694907002511
599.998277761787,300,125.119870444471,59.9922765052317,0.159711364077262,0.914891646761845,0.00526774329405707,222.779975445953,166.90936237999
600,299.999999947014,118.487644059571,60,0.138139255121306,0.944115273787763,0,222.881996884233,166.618910868991
598.228163994531,299.99994262642,95.0592675871939,59.9911730823414,0.0453336616919443,0.968726935004386,0.00491433118861481,223.77403492703,166.041472728769
600,299.999938686709,18.6778435274046,59.9914640678326,0.0461979892406067,0.994446997733698,2.74806586881591e-05,226.655570631169,164.436407184007
582.512201169148,299.999999999473,30.4099054138768,60,0.0653723446982859,0.934858397557086,0.000854722550650035,227.753022021337,164.023231944947
582.171330441369,300,18.4184007913972,59.9999999956814,0.0647985539651656,0.934825053944432,0.000947522370850667,228.315274009827,163.786287878422
557.112664865906,299.999999999965,29.3415019531253,60,0.00475174570344694,0.956267324487536,7.81888238666451e-06,230.184172819944,163.200363944208
559.421891224816,300,1.27808083241536,60,0.000512346835792283,0.955148911154453,0,231.205280158238,162.728995895359
530.647982347541,299.999999999667,28.8509065468274,60,0.00501502826713073,0.9546083123737,7.93622530042827e-06,232.869232412619,162.48378001257
524.164167170073,299.99999999647,8.88564547161769,60,0.0398088543923953,0.974275132355598,0.00251714074363709,234.218733821317,161.996227619106
525.022161747954,299.08928397269,0,59.9940069903864,0.0320815909516114,0.97236489719969,0.000669446908039533,234.882913631493,161.824799130952
511.161242711254,300,0,60,0.0495008265434623,0.971369119266618,0.001004339245681,235.948152054461,161.447234745105
499.982075766544,300,11.2678698173627,60,0.0495890514156481,0.971332266018604,0.000993731033324816,236.738954697206,161.424959003134
487.326730908588,300,0,59.9930001690842,0.0484976495967457,0.905476303483385,0.00222371418610018,238.761077317799,160.88110532091
476.444678611673,299.999999827842,0,59.9937002333495,0.0542060361522069,0.970653058899016,0.000968484844643197,239.82589587187,160.66897313122
465.347825948818,299.999999822689,0,59.9936566880086,0.0597523316076697,0.967309029543044,0.000980910520551663,241.142703262977,160.453483710006
449.509394087831,300,1.67424994252857,59.993518254638,0.0537745989704549,0.919731401066652,0.000925534157601333,243.163440524483,160.141625656379
448.650389407246,300,0,59.9942007901886,0.0532479279266031,0.921834387134417,0.00098142117587086,243.315064806437,160.083353230599
431.599915487566,300,4.80098430692824,59.9932477266724,0.0248741096368788,0.972224232199345,0,245.274532998627,159.963681111168
424.590821508847,300,0,60,0.00580264700471533,0.971242679025727,0,246.325204345663,159.716894876281
409.81279007566,300,0,59.9933260578393,0.0326918406202892,0.962592814408769,0.0021843391315894,248.34155721467,159.59182147747
408.735797280485,300,0,60,0.0327446341922266,0.950820877999313,0.00225203651446909,248.499295856821,159.562890106185
394.761505184494,299.999999865404,0,59.993318816685,0.0239300151995075,1,0,250.43383868756,159.445547984085
380.620902148315,300,2.20059719344018,60,0.00522252895494289,0.971394465716524,7.19291336844181e-05,252.451924629366,159.299917348023
374.852592599599,300,0,59.9999986626109,0.0085346930891561,0.972290929939106,7.18303191093007e-05,253.336075630947,159.190679578249
354.206655152204,300,0,60,0.00399477353053196,0.971284903881963,1.21393479682358e-05,256.403998510022,159.045051748857
352.302113336293,300,0,60,0.00297474462973526,0.971270459619803,1.23146660987973e-05,256.698004699693,159.036817938374
316.067686452143,299.999999983309,3.14489284018257,59.9910791549009,0.0218689360196478,0.987368804787771,0,262.151453532168,158.956514599639
301.060265331275,299.999999997978,0,59.9941041659081,0.0227322939758405,1,0,264.492082699867,158.821947295115
