fV2G,CO2_kt,Costo_MUSD,ENS_sequia_MWh,Costo_sequia_MUSD,Resil_sequia,E_v2g_GWh
0,415.512819986126,90.8301541046082,17587.5276389394,288.2596370666,0.989164302144635,0
0.1,415.405665627626,91.1645419030153,16825.8062076867,281.034529926004,0.989640687123113,0.943899594411533
0.2,415.303337701384,91.5005048603751,16075.3057286882,273.922720168565,0.990109517347146,1.88779918882307
0.3,415.208119381064,91.8388910344292,15343.4823005152,266.997727146673,0.990566223988532,2.83169878323459
0.4,415.117838643375,92.1792732165752,14629.0436593548,260.248783353283,0.991011625855321,3.77559837764613
0.5,415.033038977329,92.5219419633122,13929.7789772618,253.653711831633,0.991447103521598,4.71949797205767
0.6,414.952602806114,92.8665370788436,13251.7769682623,247.2704815887,0.991868941344899,5.66339756646919
0.7,414.877213862236,93.2129595316146,12598.7907781403,241.135294497722,0.992274865890767,6.60729716088075
0.8,414.80801317913,93.5615939358627,11973.3462920469,235.274858669983,0.992663361913359,7.55119675529227
0.9,414.743427917649,93.9120374271085,11374.5136322857,229.679389052491,0.993035034358366,8.49509634970377
1,414.682728340743,94.2639639499602,10813.4233895878,224.457233530961,0.993383106548478,9.43899594411534
